72_164000.jpg,t shirt long ,LuckyChouette,164000,#D54500,orange
81_72000.jpg,t shirt long ,8seconds,72000,#C3A1BA,purple
57_125000.jpg,t shirt long ,ClubCambridge,125000,#CCCCCD,gray
66_139000.jpg,t shirt long ,ALAND,139000,#FEFEFE,gray
25_93000.jpg,t shirt long ,Topten,93000,#CBAE88,white
74_164000.jpg,t shirt long ,Spao,164000,#332C1F,gray
77_78000.jpg,t shirt long ,Topten,78000,#112138,gray
80_109000.jpg,t shirt long ,ClubCambridge,109000,#161619,gray
45_46800.jpg,t shirt long ,LuckyChouette,46800,#FDFDFD,gray
2_35000.jpg,t shirt long ,Topten,35000,#171718,gray
46_49000.jpg,t shirt long ,LuckyChouette,49000,#1E3E35,gray
20_20000.jpg,t shirt long ,Spao,20000,#E0DED9,gray
39_49000.jpg,t shirt long ,Mixxo,49000,#22253A,gray
70_82000.jpg,t shirt long ,LuckyChouette,82000,#9B8275,white
63_86000.jpg,t shirt long ,Tomboy,86000,#FEFEFE,gray
40_45000.jpg,t shirt long ,PlasticIsland,45000,#EE6B34,brown
32_45000.jpg,t shirt long ,LuckyChouette,45000,#251F1D,gray
79_79000.jpg,t shirt long ,Mixxo,79000,#BABBBD,gray
69_80000.jpg,t shirt long ,Tomboy,80000,#EDEDF4,gray
9_48000.jpg,t shirt long ,PlasticIsland,48000,#1E1F20,gray
29_56000.jpg,t shirt long ,ALAND,56000,#A9ABAB,gray
43_45000.jpg,t shirt long ,Tomboy,45000,#59336B,blue
47_55000.jpg,t shirt long ,8seconds,55000,#1D1C1C,gray
16_98000.jpg,t shirt long ,PlasticIsland,98000,#0F1116,gray
38_54000.jpg,t shirt long ,ClubCambridge,54000,#EBEDF0,gray
19_48000.jpg,t shirt long ,ALAND,48000,#191A18,gray
23_118000.jpg,t shirt long ,ClubCambridge,118000,#332C2B,gray
52_298000.jpg,t shirt long ,8seconds,298000,#FDFDFC,gray
6_24900.jpg,t shirt long ,Mixxo,24900,#29292D,gray
22_68000.jpg,t shirt long ,Tomboy,68000,#1F1F1D,gray
68_82000.jpg,t shirt long ,Topten,82000,#FEFEFE,gray
61_95000.jpg,t shirt long ,Tomboy,95000,#D9D4D0,gray
55_179000.jpg,t shirt long ,Mixxo,179000,#FEFEFE,gray
56_120000.jpg,t shirt long ,Mixxo,120000,#A5A6A8,gray
50_49000.jpg,t shirt long ,Spao,49000,#23202D,gray
3_59000.jpg,t shirt long ,LuckyChouette,59000,#FEFEFE,gray
65_149000.jpg,t shirt long ,Mixxo,149000,#2F4260,gray
60_98000.jpg,t shirt long ,ALAND,98000,#262A30,gray
17_125000.jpg,t shirt long ,8seconds,125000,#F8A239,brown
5_179000.jpg,t shirt long ,LuckyChouette,179000,#FEFEFE,gray
7_48000.jpg,t shirt long ,ALAND,48000,#1A5243,gray
48_99000.jpg,t shirt long ,Mixxo,99000,#2B2B2B,gray
35_39000.jpg,t shirt long ,8seconds,39000,#F7F7F6,gray
18_48000.jpg,t shirt long ,LuckyChouette,48000,#B3B0AC,gray
28_55000.jpg,t shirt long ,PlasticIsland,55000,#D4CDBF,white
62_128000.jpg,t shirt long ,ClubCambridge,128000,#1F1B1E,gray
15_35000.jpg,t shirt long ,ALAND,35000,#171718,gray
24_118000.jpg,t shirt long ,8seconds,118000,#1A1A1A,gray
73_79000.jpg,t shirt long ,Mixxo,79000,#FEFEFE,gray
31_20000.jpg,t shirt long ,Tomboy,20000,#181818,gray
42_44000.jpg,t shirt long ,Mixxo,44000,#8878D4,purple
26_12900.jpg,t shirt long ,Mixxo,12900,#4B577B,purple
21_56000.jpg,t shirt long ,PlasticIsland,56000,#222222,gray
12_108000.jpg,t shirt long ,ClubCambridge,108000,#FEFEFE,gray
67_119000.jpg,t shirt long ,Mixxo,119000,#2F2B27,gray
76_138000.jpg,t shirt long ,ClubCambridge,138000,#201F1F,gray
8_48000.jpg,t shirt long ,ClubCambridge,48000,#C6C8CA,gray
53_208000.jpg,t shirt long ,Tomboy,208000,#FEFDFE,gray
51_44000.jpg,t shirt long ,LuckyChouette,44000,#EFE3E6,white
49_49000.jpg,t shirt long ,Tomboy,49000,#18181A,gray
27_85000.jpg,t shirt long ,LuckyChouette,85000,#393939,gray
71_80000.jpg,t shirt long ,LuckyChouette,80000,#201B20,gray
64_88000.jpg,t shirt long ,LuckyChouette,88000,#B1B3B3,gray
11_108000.jpg,t shirt long ,Topten,108000,#FEFEFE,gray
75_138000.jpg,t shirt long ,LuckyChouette,138000,#BD0626,red
30_20000.jpg,t shirt long ,ClubCambridge,20000,#C9B3A7,white
34_16900.jpg,t shirt long ,Mixxo,16900,#3C3C46,gray
33_49000.jpg,t shirt long ,Spao,49000,#1F1D1E,gray
37_42000.jpg,t shirt long ,Topten,42000,#FEFEFE,gray
54_195000.jpg,t shirt long ,Tomboy,195000,#DBDBDB,gray
78_109000.jpg,t shirt long ,Spao,109000,#E9E9F0,gray
14_108000.jpg,t shirt long ,Tomboy,108000,#FEFEFE,gray
4_179000.jpg,t shirt long ,PlasticIsland,179000,#FEFEFE,gray
13_108000.jpg,t shirt long ,ClubCambridge,108000,#FEFEFE,gray
1_69000.jpg,t shirt long ,ClubCambridge,69000,#FEFEFE,gray
58_148000.jpg,t shirt long ,8seconds,148000,#C0CEDA,white
41_45000.jpg,t shirt long ,Mixxo,45000,#CFD677,green
59_115000.jpg,t shirt long ,Mixxo,115000,#CC453E,orange
36_44000.jpg,t shirt long ,ALAND,44000,#E9E7F1,gray
10_45000.jpg,t shirt long ,Tomboy,45000,#222934,gray
44_44000.jpg,t shirt long ,Spao,44000,#FEFEFE,gray
