1_84000.jpg,pants long ,8seconds,84000,#546376,gray
10_75000.jpg,pants long ,8seconds,75000,#72889E,skyblue
11_49000.jpg,pants long ,ALAND,49000,#292C2D,black
12_69000.jpg,pants long ,PlasticIsland,69000,#3A4757,blue
13_93000.jpg,pants long ,PlasticIsland,93000,#28282A,black
14_39000.jpg,pants long ,PlasticIsland,39000,#424753,black
15_49000.jpg,pants long ,8seconds,49000,#657496,skyblue
16_60000.jpg,pants long ,ALAND,60000,#406B88,skyblue
17_52000.jpg,pants long ,Tomboy,52000,#BAB4A3,white
18_52000.jpg,pants long ,PlasticIsland,52000,#465748,green
19_89000.jpg,pants long ,PlasticIsland,89000,#59543E,green
2_85000.jpg,pants long ,PlasticIsland,85000,#7D8590,skyblue
20_148000.jpg,pants long ,Mixxo,148000,#464E5C,gray
21_108000.jpg,pants long ,8seconds,108000,#65715F,green
22_108000.jpg,pants long ,PlasticIsland,108000,#20283A,blue
23_33000.jpg,pants long ,PlasticIsland,33000,#A19C91,brown
24_56000.jpg,pants long ,Topten,56000,#967752,brown
25_29900.jpg,pants long ,LuckyChouette,29900,#323326,green
26_29900.jpg,pants long ,8seconds,29900,#151517,black
27_158000.jpg,pants long ,ALAND,158000,#FEFEFE,blue
28_59000.jpg,pants long ,Mixxo,59000,#303342,black
29_109000.jpg,pants long ,Spao,109000,#212123,black
3_78000.jpg,pants long ,PlasticIsland,78000,#7F8CA6,skyblue
30_119000.jpg,pants long ,ClubCambridge,119000,#B64823,orange
31_198000.jpg,pants long ,ClubCambridge,198000,#43424D,gray
32_98000.jpg,pants long ,ClubCambridge,98000,#795D42,brown
33_98000.jpg,pants long ,ALAND,98000,#C5A67B,brown
34_59900.jpg,pants long ,Tomboy,59900,#1A1D28,black
35_148000.jpg,pants long ,LuckyChouette,148000,#716549,green
36_118000.jpg,pants long ,8seconds,118000,#E0DCCB,white
37_57000.jpg,pants long ,Spao,57000,#9A9B7D,green
38_153000.jpg,pants long ,ClubCambridge,153000,#744F3B,orange
39_308000.jpg,pants long ,Tomboy,308000,#8F5B96,purple
4_129000.jpg,pants long ,Tomboy,129000,#A1B4CD,skyblue
40_249000.jpg,pants long ,LuckyChouette,249000,#22201E,black
41_149000.jpg,pants long ,Mixxo,149000,#252634,black
42_149000.jpg,pants long ,LuckyChouette,149000,#C7C5B3,white
43_149000.jpg,pants long ,Mixxo,149000,#9B7F56,brown
44_69000.jpg,pants long ,ALAND,69000,#898786,gray
45_52000.jpg,pants long ,Topten,52000,#DBD39D,yellow
46_29900.jpg,pants long ,8seconds,29900,#202020,black
47_39000.jpg,pants long ,PlasticIsland,39000,#E7DACB,white
48_51000.jpg,pants long ,LuckyChouette,51000,#C4AE95,white
49_39000.jpg,pants long ,Topten,39000,#2D2C30,black
5_158000.jpg,pants long ,LuckyChouette,158000,#1E1F23,black
50_69000.jpg,pants long ,PlasticIsland,69000,#A88E75,brown
51_52000.jpg,pants long ,8seconds,52000,#8F907F,green
52_52000.jpg,pants long ,ALAND,52000,#BCB6B1,white
53_49000.jpg,pants long ,8seconds,49000,#4F4E52,gray
54_49000.jpg,pants long ,Tomboy,49000,#6C6355,gray
55_109000.jpg,pants long ,Mixxo,109000,#2A303F,black
56_139000.jpg,pants long ,Topten,139000,#FEFEFE,skyblue
57_140000.jpg,pants long ,Spao,140000,#5184D7,blue
58_128000.jpg,pants long ,Tomboy,128000,#89817A,brown
59_87000.jpg,pants long ,Tomboy,87000,#594134,brown
6_168000.jpg,pants long ,PlasticIsland,168000,#243345,blue
60_68000.jpg,pants long ,ALAND,68000,#0B0C13,black
61_68000.jpg,pants long ,PlasticIsland,68000,#AFB3B6,gray
62_38000.jpg,pants long ,ALAND,38000,#1E1E1E,black
63_81000.jpg,pants long ,LuckyChouette,81000,#DEE335,yellow
64_88000.jpg,pants long ,ClubCambridge,88000,#774FBB,purple
65_312000.jpg,pants long ,Topten,312000,#F45F3D,orange
66_89000.jpg,pants long ,LuckyChouette,89000,#E9D54A,yellow
67_79000.jpg,pants long ,Spao,79000,#0059C2,blue
68_98000.jpg,pants long ,Mixxo,98000,#B42F3B,red
69_98000.jpg,pants long ,8seconds,98000,#151512,black
7_158000.jpg,pants long ,Spao,158000,#E7E7E6,white
70_68000.jpg,pants long ,Tomboy,68000,#201C17,gray
71_209000.jpg,pants long ,PlasticIsland,209000,#3D3C3E,gray
72_119000.jpg,pants long ,Spao,119000,#181715,gray
73_109000.jpg,pants long ,ClubCambridge,109000,#D42031,red
74_109000.jpg,pants long ,ClubCambridge,109000,#826345,brown
8_178000.jpg,pants long ,Topten,178000,#90AFC0,skyblue
9_59000.jpg,pants long ,ClubCambridge,59000,#232329,black
