1_59000.jpg,headwear,Spao,59000,#07090E,black
10_15900.jpg,headwear,Topten,15900,#161615,black
11_38000.jpg,headwear,Spao,38000,#191919,black
12_38000.jpg,headwear,PlasticIsland,38000,#812129,red
13_38000.jpg,headwear,8seconds,38000,#AF844F,brown
14_38000.jpg,headwear,LuckyChouette,38000,#C6BEB0,white
15_32000.jpg,headwear,ClubCambridge,32000,#E9E8EC,white
16_32000.jpg,headwear,LuckyChouette,32000,#FCE2EB,pink
17_38500.jpg,headwear,PlasticIsland,38500,#D4E2EC,skyblue
18_45000.jpg,headwear,LuckyChouette,45000,#DFDEDD,black
19_45000.jpg,headwear,8seconds,45000,#1A1A1A,black
2_37000.jpg,headwear,Tomboy,37000,#2B343E,black
20_39000.jpg,headwear,Mixxo,39000,#543A69,purple
21_36000.jpg,headwear,Topten,36000,#C9DD86,green
22_59000.jpg,headwear,Tomboy,59000,#96B4D6,skyblue
23_37000.jpg,headwear,Mixxo,37000,#F7F5F7,blue
24_36000.jpg,headwear,Tomboy,36000,#9B162D,white
25_39000.jpg,headwear,Tomboy,39000,#0E4949,green
26_32000.jpg,headwear,Mixxo,32000,#CFBBA3,brown
27_59000.jpg,headwear,ClubCambridge,59000,#835023,brown
28_59000.jpg,headwear,Topten,59000,#474045,gray
29_25000.jpg,headwear,LuckyChouette,25000,#E3E1E3,white
3_59000.jpg,headwear,Topten,59000,#CDD0D5,white
30_46000.jpg,headwear,Topten,46000,#EBEBEF,white
31_39000.jpg,headwear,Topten,39000,#D2C1A3,yellow
32_59000.jpg,headwear,LuckyChouette,59000,#181819,black
33_55000.jpg,headwear,PlasticIsland,55000,#F6DABB,white
34_25000.jpg,headwear,LuckyChouette,25000,#262622,gray
35_39000.jpg,headwear,Spao,39000,#30436A,blue
36_39000.jpg,headwear,8seconds,39000,#1A1919,black
37_25000.jpg,headwear,ClubCambridge,25000,#063E83,blue
38_32000.jpg,headwear,Mixxo,32000,#5AE63C,green
39_55000.jpg,headwear,ClubCambridge,55000,#2D2D2C,gray
4_37000.jpg,headwear,Spao,37000,#8B2A34,red
40_34000.jpg,headwear,Topten,34000,#E4D3B1,white
41_43000.jpg,headwear,Mixxo,43000,#21232D,gray
42_69000.jpg,headwear,8seconds,69000,#D74649,orange
43_39000.jpg,headwear,8seconds,39000,#CAC4BC,white
44_94000.jpg,headwear,Spao,94000,#1A1A1A,black
45_94000.jpg,headwear,Topten,94000,#393A3B,black
46_94000.jpg,headwear,ClubCambridge,94000,#1E1F1F,black
47_93000.jpg,headwear,Spao,93000,#717F8A,skyblue
48_129000.jpg,headwear,PlasticIsland,129000,#7D0B12,red
49_129000.jpg,headwear,ALAND,129000,#131314,black
5_37000.jpg,headwear,8seconds,37000,#2C2B30,black
50_129000.jpg,headwear,PlasticIsland,129000,#D8D6D6,white
51_89000.jpg,headwear,Spao,89000,#2E2D2D,black
52_89000.jpg,headwear,Tomboy,89000,#2A2521,brown
53_89000.jpg,headwear,PlasticIsland,89000,#E6E6EB,white
54_109000.jpg,headwear,LuckyChouette,109000,#272729,black
55_83000.jpg,headwear,LuckyChouette,83000,#312F2D,black
56_79000.jpg,headwear,Mixxo,79000,#FBE163,yellow
57_78000.jpg,headwear,ClubCambridge,78000,#B89C8B,brown
58_79000.jpg,headwear,LuckyChouette,79000,#9A8980,white
59_129000.jpg,headwear,Mixxo,129000,#A78F90,gray
6_36000.jpg,headwear,ClubCambridge,36000,#AFA080,brown
60_129000.jpg,headwear,Spao,129000,#17171A,black
61_129000.jpg,headwear,ALAND,129000,#1A191F,black
62_75000.jpg,headwear,ALAND,75000,#A08F68,yellow
63_72000.jpg,headwear,LuckyChouette,72000,#CB4A1F,orange
64_72000.jpg,headwear,Mixxo,72000,#C50016,red
65_72000.jpg,headwear,Spao,72000,#1D1B30,black
66_72000.jpg,headwear,8seconds,72000,#E7D2C3,white
67_142000.jpg,headwear,8seconds,142000,#393C48,gray
68_90000.jpg,headwear,Topten,90000,#699F9E,skyblue
69_69000.jpg,headwear,PlasticIsland,69000,#BD9793,pink
7_36000.jpg,headwear,Spao,36000,#44445E,gray
70_69000.jpg,headwear,ClubCambridge,69000,#212A37,blue
71_69000.jpg,headwear,Mixxo,69000,#856946,brown
72_69000.jpg,headwear,Mixxo,69000,#50070F,red
73_68000.jpg,headwear,Spao,68000,#E0DDD7,white
74_68000.jpg,headwear,LuckyChouette,68000,#6E674D,green
75_82000.jpg,headwear,Mixxo,82000,#6D5E3A,green
8_38000.jpg,headwear,PlasticIsland,38000,#6A5441,gray
9_15900.jpg,headwear,8seconds,15900,#121212,black
