4_26000.jpg,t shirt short ,Tomboy,26000,#AC0E10,red
35_35000.jpg,t shirt short ,ALAND,35000,#202022,gray
89_69000.jpg,t shirt short ,Spao,69000,#FBF4EA,white
26_35000.jpg,t shirt short ,ClubCambridge,35000,#935A3E,orange
25_35000.jpg,t shirt short ,Tomboy,35000,#202022,gray
3_12000.jpg,t shirt short ,Topten,12000,#969696,gray
72_99000.jpg,t shirt short ,LuckyChouette,99000,#0C0003,gray
33_35000.jpg,t shirt short ,8seconds,35000,#1E2129,gray
31_35000.jpg,t shirt short ,ALAND,35000,#252736,gray
29_35000.jpg,t shirt short ,Spao,35000,#7B3038,red
57_57000.jpg,t shirt short ,8seconds,57000,#FEFEFE,gray
70_104000.jpg,t shirt short ,Tomboy,104000,#FEFEFE,gray
39_9900.jpg,t shirt short ,ALAND,9900,#268D44,green
27_35000.jpg,t shirt short ,Spao,35000,#1B1E29,gray
18_16600.jpg,t shirt short ,Tomboy,16600,#FEFEFE,gray
85_76000.jpg,t shirt short ,Mixxo,76000,#4E3455,gray
7_19400.jpg,t shirt short ,8seconds,19400,#FE86AD,purple
36_29000.jpg,t shirt short ,Mixxo,29000,#171616,gray
59_57000.jpg,t shirt short ,ClubCambridge,57000,#E3E3E3,gray
74_94000.jpg,t shirt short ,LuckyChouette,94000,#C1BDB6,gray
16_39000.jpg,t shirt short ,Topten,39000,#594C45,gray
76_89000.jpg,t shirt short ,Topten,89000,#D71A26,red
2_39000.jpg,t shirt short ,Mixxo,39000,#CEBCA2,white
90_69000.jpg,t shirt short ,Mixxo,69000,#473A37,gray
46_29000.jpg,t shirt short ,Tomboy,29000,#404040,gray
80_82000.jpg,t shirt short ,Spao,82000,#E03A4A,brown
87_99000.jpg,t shirt short ,8seconds,99000,#1D243D,gray
43_28000.jpg,t shirt short ,Tomboy,28000,#FEFEFE,gray
54_45000.jpg,t shirt short ,LuckyChouette,45000,#161419,gray
66_199000.jpg,t shirt short ,LuckyChouette,199000,#9C9C9E,gray
52_45000.jpg,t shirt short ,LuckyChouette,45000,#E3E3E6,gray
22_29000.jpg,t shirt short ,Topten,29000,#131829,gray
11_27000.jpg,t shirt short ,Spao,27000,#0D0E0E,gray
50_45000.jpg,t shirt short ,LuckyChouette,45000,#FEFEFE,gray
63_278000.jpg,t shirt short ,ALAND,278000,#232A1B,gray
84_78000.jpg,t shirt short ,8seconds,78000,#F86017,brown
34_35000.jpg,t shirt short ,8seconds,35000,#F6E7DF,white
23_9000.jpg,t shirt short ,8seconds,9000,#FEFEFE,gray
32_35000.jpg,t shirt short ,Mixxo,35000,#2D4683,blue
86_75000.jpg,t shirt short ,8seconds,75000,#252C3F,gray
51_45000.jpg,t shirt short ,ALAND,45000,#B6AC9B,gray
15_42000.jpg,t shirt short ,Tomboy,42000,#FEFEFE,gray
68_188000.jpg,t shirt short ,8seconds,188000,#FEFEFE,gray
12_27000.jpg,t shirt short ,Topten,27000,#2A4AA6,blue
81_89000.jpg,t shirt short ,Tomboy,89000,#A68669,yellow
56_57000.jpg,t shirt short ,ClubCambridge,57000,#FEFEFD,gray
8_19400.jpg,t shirt short ,Topten,19400,#FEA88B,orange
30_35000.jpg,t shirt short ,Mixxo,35000,#343F43,gray
75_128000.jpg,t shirt short ,ALAND,128000,#FEFEFE,gray
44_28000.jpg,t shirt short ,PlasticIsland,28000,#FEFEFE,gray
69_104000.jpg,t shirt short ,Topten,104000,#FEFEFE,gray
71_99000.jpg,t shirt short ,ALAND,99000,#FBC3DC,pink
37_39000.jpg,t shirt short ,LuckyChouette,39000,#FDAB01,orange
88_69000.jpg,t shirt short ,8seconds,69000,#201F30,gray
55_57000.jpg,t shirt short ,Mixxo,57000,#C59CFD,purple
41_28000.jpg,t shirt short ,PlasticIsland,28000,#FEFEFE,gray
21_29000.jpg,t shirt short ,ClubCambridge,29000,#18191B,gray
47_28000.jpg,t shirt short ,8seconds,28000,#BCD0DF,gray
73_158000.jpg,t shirt short ,Topten,158000,#1A1819,gray
9_19400.jpg,t shirt short ,PlasticIsland,19400,#C4FEB8,green
24_39000.jpg,t shirt short ,Mixxo,39000,#191816,gray
49_43000.jpg,t shirt short ,ClubCambridge,43000,#FEFEFE,gray
83_109000.jpg,t shirt short ,Topten,109000,#FEFEFE,gray
17_39000.jpg,t shirt short ,ALAND,39000,#FEFEFE,gray
53_45000.jpg,t shirt short ,ClubCambridge,45000,#E9EAEF,gray
19_16600.jpg,t shirt short ,PlasticIsland,16600,#762F89,purple
20_16600.jpg,t shirt short ,Spao,16600,#FEFEFE,gray
28_35000.jpg,t shirt short ,Spao,35000,#2E2C35,gray
13_27000.jpg,t shirt short ,ALAND,27000,#A11017,red
79_124000.jpg,t shirt short ,Mixxo,124000,#C9C0BC,white
62_65000.jpg,t shirt short ,PlasticIsland,65000,#2E4C56,gray
40_39000.jpg,t shirt short ,Tomboy,39000,#EECAB8,orange
45_29000.jpg,t shirt short ,ALAND,29000,#E11C24,red
1_12000.jpg,t shirt short ,Tomboy,12000,#181626,gray
60_69000.jpg,t shirt short ,Topten,69000,#FDFDFD,gray
67_198000.jpg,t shirt short ,8seconds,198000,#FDFDFD,gray
42_28000.jpg,t shirt short ,8seconds,28000,#FEFEFE,gray
5_26000.jpg,t shirt short ,8seconds,26000,#161514,gray
61_72000.jpg,t shirt short ,Mixxo,72000,#1C1C1E,gray
10_27000.jpg,t shirt short ,Tomboy,27000,#8C8C90,gray
82_80000.jpg,t shirt short ,Topten,80000,#DEDFEB,gray
77_89000.jpg,t shirt short ,Tomboy,89000,#1C2130,gray
6_26000.jpg,t shirt short ,Spao,26000,#EEEEEE,gray
78_89000.jpg,t shirt short ,ALAND,89000,#19191A,gray
64_268000.jpg,t shirt short ,Mixxo,268000,#19233B,gray
48_28000.jpg,t shirt short ,Topten,28000,#EDC8CF,white
58_57000.jpg,t shirt short ,PlasticIsland,57000,#FEFEFE,gray
38_35000.jpg,t shirt short ,ALAND,35000,#D3C0AB,white
14_29000.jpg,t shirt short ,ALAND,29000,#000000,gray
65_248000.jpg,t shirt short ,Topten,248000,#5B573D,gray
