1_199900.jpg,padded,Mixxo,199900,#2E2E2B,black
10_159900.jpg,padded,Mixxo,159900,#2A262A,black
11_129000.jpg,padded,ClubCambridge,129000,#1B1A1D,black
12_240000.jpg,padded,ClubCambridge,240000,#333035,black
13_189000.jpg,padded,PlasticIsland,189000,#36383A,black
14_199000.jpg,padded,8seconds,199000,#E0BF36,yellow
15_119000.jpg,padded,8seconds,119000,#29282B,black
16_129000.jpg,padded,ClubCambridge,129000,#3558C1,blue
17_249000.jpg,padded,Topten,249000,#47533D,green
18_235000.jpg,padded,8seconds,235000,#2D355F,blue
19_189000.jpg,padded,Tomboy,189000,#24263A,black
2_199900.jpg,padded,PlasticIsland,199900,#DDDEE2,white
20_1061000.jpg,padded,Tomboy,1061000,#3A393C,black
21_421700.jpg,padded,Topten,421700,#120F0B,black
22_199000.jpg,padded,Tomboy,199000,#584542,brown
23_199000.jpg,padded,Spao,199000,#585957,gray
24_269000.jpg,padded,8seconds,269000,#3D5587,blue
25_955000.jpg,padded,Tomboy,955000,#F69604,orange
26_248000.jpg,padded,Mixxo,248000,#726562,gray
27_809000.jpg,padded,ClubCambridge,809000,#737458,green
28_410200.jpg,padded,ClubCambridge,410200,#FDFEFE,black
29_414000.jpg,padded,Topten,414000,#524643,brown
3_259000.jpg,padded,Topten,259000,#FCFBFB,black
30_421700.jpg,padded,Topten,421700,#785B4A,brown
31_465000.jpg,padded,LuckyChouette,465000,#404D5D,gray
32_729000.jpg,padded,ALAND,729000,#C0AA91,brown
33_729000.jpg,padded,Spao,729000,#3A3736,black
34_112000.jpg,padded,Mixxo,112000,#F4552C,orange
35_465000.jpg,padded,Spao,465000,#2A292C,gray
36_112000.jpg,padded,Topten,112000,#C59F73,brown
37_199000.jpg,padded,Topten,199000,#626557,gray
38_189000.jpg,padded,Spao,189000,#6EAD5C,green
39_1716000.jpg,padded,Spao,1716000,#211F1A,brown
4_179900.jpg,padded,PlasticIsland,179900,#9A9BA0,gray
40_189000.jpg,padded,ALAND,189000,#E6EDF0,white
41_199000.jpg,padded,Topten,199000,#353635,black
42_498000.jpg,padded,Mixxo,498000,#DFDFD3,white
43_298000.jpg,padded,Spao,298000,#68776C,green
44_239000.jpg,padded,Tomboy,239000,#AC9E91,gray
45_329000.jpg,padded,Topten,329000,#E0D3CB,white
46_165000.jpg,padded,ALAND,165000,#3C3B40,black
47_179000.jpg,padded,Mixxo,179000,#CBB599,brown
48_238000.jpg,padded,Tomboy,238000,#968C8D,gray
49_1496000.jpg,padded,Mixxo,1496000,#1A1A1C,black
5_329000.jpg,padded,8seconds,329000,#E3E4DF,white
50_179000.jpg,padded,Spao,179000,#3F445A,blue
51_399000.jpg,padded,LuckyChouette,399000,#5F3334,red
52_165000.jpg,padded,Mixxo,165000,#BFB59D,white
53_165000.jpg,padded,Tomboy,165000,#3E4754,blue
54_1496000.jpg,padded,Spao,1496000,#343130,black
55_1309000.jpg,padded,ClubCambridge,1309000,#535043,green
56_329000.jpg,padded,LuckyChouette,329000,#5C543E,green
57_869000.jpg,padded,PlasticIsland,869000,#372B24,brown
58_329000.jpg,padded,8seconds,329000,#29262B,black
59_324000.jpg,padded,Tomboy,324000,#565759,black
6_329000.jpg,padded,Mixxo,329000,#C30B28,red
60_329000.jpg,padded,PlasticIsland,329000,#4F483A,green
61_329000.jpg,padded,PlasticIsland,329000,#E3D8D0,white
62_239000.jpg,padded,ClubCambridge,239000,#5F604C,green
63_329000.jpg,padded,ClubCambridge,329000,#3B3C41,black
64_288000.jpg,padded,ClubCambridge,288000,#53493A,green
65_175000.jpg,padded,Mixxo,175000,#65605D,gray
66_288000.jpg,padded,Tomboy,288000,#24252F,black
7_119000.jpg,padded,ALAND,119000,#2A2A2D,black
8_268000.jpg,padded,LuckyChouette,268000,#23273F,black
9_269000.jpg,padded,ClubCambridge,269000,#8B8482,gray
