1_24900.jpg,pants shorts ,PlasticIsland,24900,#89805F,brown
10_45000.jpg,pants shorts ,LuckyChouette,45000,#DEE1DF,skyblue
11_22000.jpg,pants shorts ,Topten,22000,#017FC4,blue
12_49000.jpg,pants shorts ,LuckyChouette,49000,#9B9AA5,gray
13_64000.jpg,pants shorts ,8seconds,64000,#2E2E3B,blue
14_64000.jpg,pants shorts ,PlasticIsland,64000,#41282C,red
15_69000.jpg,pants shorts ,Mixxo,69000,#BAC7CF,skyblue
16_29900.jpg,pants shorts ,PlasticIsland,29900,#202634,gray
17_59000.jpg,pants shorts ,ClubCambridge,59000,#9CABBF,skyblue
18_29000.jpg,pants shorts ,8seconds,29000,#B6A595,brown
19_29000.jpg,pants shorts ,Topten,29000,#282426,black
2_36000.jpg,pants shorts ,Topten,36000,#302E2C,black
20_24900.jpg,pants shorts ,Mixxo,24900,#794A2F,brown
21_24900.jpg,pants shorts ,8seconds,24900,#2B2F37,black
22_39000.jpg,pants shorts ,Topten,39000,#191919,black
23_24900.jpg,pants shorts ,PlasticIsland,24900,#38536B,blue
24_40000.jpg,pants shorts ,PlasticIsland,40000,#98987D,green
25_36000.jpg,pants shorts ,8seconds,36000,#4E5254,gray
26_22000.jpg,pants shorts ,Tomboy,22000,#55372E,brown
27_43000.jpg,pants shorts ,Mixxo,43000,#FEFEFE,blue
28_36000.jpg,pants shorts ,PlasticIsland,36000,#9CAA90,green
29_49000.jpg,pants shorts ,ALAND,49000,#C9BCA1,white
3_36000.jpg,pants shorts ,Topten,36000,#E5D4BC,white
30_26000.jpg,pants shorts ,8seconds,26000,#1A1A20,blue
31_49000.jpg,pants shorts ,8seconds,49000,#2A3134,black
32_49000.jpg,pants shorts ,Tomboy,49000,#1F1F1F,black
33_49000.jpg,pants shorts ,LuckyChouette,49000,#C0B79E,white
34_22000.jpg,pants shorts ,Topten,22000,#636361,gray
35_37000.jpg,pants shorts ,Tomboy,37000,#252423,gray
36_35000.jpg,pants shorts ,Mixxo,35000,#4D677D,skyblue
37_27000.jpg,pants shorts ,ClubCambridge,27000,#C40E24,red
38_52000.jpg,pants shorts ,Spao,52000,#BAC7E1,skyblue
39_49800.jpg,pants shorts ,LuckyChouette,49800,#C21815,red
4_24900.jpg,pants shorts ,8seconds,24900,#393D2A,green
40_39000.jpg,pants shorts ,Spao,39000,#1641B2,black
41_79000.jpg,pants shorts ,8seconds,79000,#EDCCCB,pink
42_39600.jpg,pants shorts ,ALAND,39600,#F4F2F8,white
43_35900.jpg,pants shorts ,Spao,35900,#FEFEFE,gray
44_48000.jpg,pants shorts ,Topten,48000,#7A95B7,blue
45_39000.jpg,pants shorts ,ClubCambridge,39000,#1A1B1E,black
46_49800.jpg,pants shorts ,8seconds,49800,#F8A334,yellow
47_498000.jpg,pants shorts ,Topten,498000,#EE853B,yellow
48_69000.jpg,pants shorts ,ClubCambridge,69000,#1E1E1E,black
49_34000.jpg,pants shorts ,Mixxo,34000,#3D3A3B,gray
5_39000.jpg,pants shorts ,LuckyChouette,39000,#D8DFEC,gray
50_69000.jpg,pants shorts ,Mixxo,69000,#4D4FA0,blue
51_56000.jpg,pants shorts ,Spao,56000,#99525A,red
52_49000.jpg,pants shorts ,PlasticIsland,49000,#999A9E,gray
53_49000.jpg,pants shorts ,Mixxo,49000,#212122,black
54_89000.jpg,pants shorts ,ClubCambridge,89000,#222332,black
55_109000.jpg,pants shorts ,Tomboy,109000,#C0BEC3,gray
56_208000.jpg,pants shorts ,Topten,208000,#A88B6F,brown
57_109000.jpg,pants shorts ,8seconds,109000,#8091B1,blue
58_99000.jpg,pants shorts ,Mixxo,99000,#8E7D6C,brown
59_99000.jpg,pants shorts ,Topten,99000,#41402E,green
6_48000.jpg,pants shorts ,Tomboy,48000,#D0B88D,brown
60_99000.jpg,pants shorts ,Spao,99000,#9A978B,gray
61_98000.jpg,pants shorts ,Mixxo,98000,#A2BAC6,skyblue
62_98000.jpg,pants shorts ,Topten,98000,#848B75,green
63_98000.jpg,pants shorts ,Tomboy,98000,#21264B,blue
64_115000.jpg,pants shorts ,Mixxo,115000,#343441,black
65_98000.jpg,pants shorts ,PlasticIsland,98000,#211B1C,black
66_89000.jpg,pants shorts ,Mixxo,89000,#232323,black
67_89000.jpg,pants shorts ,ClubCambridge,89000,#D8C9B9,white
68_89000.jpg,pants shorts ,ClubCambridge,89000,#4D4533,gray
69_98000.jpg,pants shorts ,Topten,98000,#514A3D,green
7_48000.jpg,pants shorts ,PlasticIsland,48000,#E73338,red
70_79000.jpg,pants shorts ,Spao,79000,#394A33,green
8_45000.jpg,pants shorts ,ALAND,45000,#7896B8,blue
9_45000.jpg,pants shorts ,PlasticIsland,45000,#3D4F74,blue
