1_199000.jpg,coat,LuckyChouette,199000,#151A1D,black
2_229000.jpg,coat,Tomboy,229000,#9FABAF,gray
14_199000.jpg,coat,ClubCambridge,199000,#A46F51,brown
9_249000.jpg,coat,ClubCambridge,249000,#1F1F1F,black
28_230000.jpg,coat,ClubCambridge,230000,#B99973,brown
35_398000.jpg,coat,ClubCambridge,398000,#222427,black
48_1080000.jpg,coat,Topten,1080000,#191818,black
10_189000.jpg,coat,8seconds,189000,#6C594D,brown
11_199000.jpg,coat,Tomboy,199000,#022977,blue
7_209000.jpg,coat,Tomboy,209000,#BA966F,brown
33_629000.jpg,coat,Tomboy,629000,#262527,black
6_93000.jpg,coat,ClubCambridge,93000,#D7AF84,brown
25_245000.jpg,coat,ClubCambridge,245000,#264040,green
15_199000.jpg,coat,Tomboy,199000,#8C2F1F,orange
22_189000.jpg,coat,Tomboy,189000,#222224,gray
23_199900.jpg,coat,Mixxo,199900,#A6A6AB,gray
17_219000.jpg,coat,Tomboy,219000,#448ABA,blue
39_474000.jpg,coat,ALAND,474000,#7D796B,gray
43_480000.jpg,coat,Mixxo,480000,#B4AEAB,gray
24_224000.jpg,coat,Spao,224000,#4C392D,brown
40_371000.jpg,coat,ALAND,371000,#554942,gray
32_269000.jpg,coat,Tomboy,269000,#151518,black
19_249000.jpg,coat,ALAND,249000,#D3B289,brown
47_1340000.jpg,coat,Topten,1340000,#67432C,orange
20_93000.jpg,coat,ClubCambridge,93000,#A77851,brown
34_96000.jpg,coat,ALAND,96000,#1D1F30,gray
12_245000.jpg,coat,Spao,245000,#8E6732,brown
3_225000.jpg,coat,Mixxo,225000,#1C1C1D,gray
29_1650000.jpg,coat,ClubCambridge,1650000,#FEFEFE,gray
27_314000.jpg,coat,Spao,314000,#2D2B30,gray
30_259000.jpg,coat,Spao,259000,#90664B,brown
26_89000.jpg,coat,ClubCambridge,89000,#4A4647,gray
49_6480000.jpg,coat,LuckyChouette,6480000,#575A64,gray
13_139000.jpg,coat,Tomboy,139000,#ECD9BE,white
45_498000.jpg,coat,Tomboy,498000,#7F7068,brown
38_398000.jpg,coat,Tomboy,398000,#DF4E24,orange
16_298000.jpg,coat,ClubCambridge,298000,#524A39,gray
46_269000.jpg,coat,ClubCambridge,269000,#B91D37,red
4_199000.jpg,coat,ALAND,199000,#9F655B,pink
36_1195000.jpg,coat,LuckyChouette,1195000,#5F5B5C,gray
31_318000.jpg,coat,Spao,318000,#23241F,black
44_480000.jpg,coat,PlasticIsland,480000,#A77341,yellow
5_249000.jpg,coat,ClubCambridge,249000,#868988,gray
50_289000.jpg,coat,Tomboy,289000,#808380,gray
21_245000.jpg,coat,ALAND,245000,#FEFEFE,green
41_648000.jpg,coat,Topten,648000,#223132,green
18_245000.jpg,coat,8seconds,245000,#FEFEFE,black
37_648000.jpg,coat,Spao,648000,#24242E,black
42_548000.jpg,coat,8seconds,548000,#213231,green
8_219000.jpg,coat,8seconds,219000,#DEDCDD,brown
